GEOID10,mean_nitrate,canrate
55037190100,3.91457233539425,0.03
55037190200,2.9597834171508524,0.11
55019950300,5.245143423179726,0.09
55019950700,4.497821450506621,0.01
55019950600,3.806769303605301,0.13
55019950800,5.112551789577015,0.28
55019950200,5.437186594327622,0.14
55019950500,5.726228164331442,0.1
55019950400,5.657797928686042,0.15
55019950100,5.619826120270919,0.05
55031021100,-1.12553170768291,0.01
55031990000,0.07608306961276971,0.07
55031020900,-0.6505856504839527,0.01
55031020600,-1.0993815305404235,0.01
55031020500,-1.1495518087916123,0.01
55031020400,-1.0643237759844386,0.01
55049950600,7.038057248836005,0.15
55049950400,8.713348469057502,0.13
55049950300,5.630962881691099,0.52
55049950500,8.509819684280759,0.63
55049950200,7.688530885326609,0.61
55049950100,8.605130728601964,0.58
55031020300,-1.1994425492450387,0.01
55031020800,-0.5426061280594764,0.02
55031020700,-0.6899788944123956,0.04
55031030200,-0.21245088041749868,0.11
55031030300,0.7162432640949197,0.54
55031030100,0.3314399742490582,0.16
55031021000,0.12188470769613036,0.01
55059002300,5.093845153826524,0.01
55059002200,5.010225908795048,0.01
55059002100,5.131263436859948,0.01
55059001800,5.0458595476098305,0.01
55059001700,5.016685041988585,0.01
55059001300,5.55436339501144,0.01
55059001200,5.1598886405075355,0.01
55059001100,5.081943493773497,0.01
55059000900,5.1235068955022145,0.01
55059000800,5.192703355490695,0.01
55047100600,3.9691173349424407,0.44
55047100500,5.270929673313809,0.28
55047100400,2.1872059043047685,0.28
55047100300,1.6071694203234739,0.49
55015020800,0.02058509940199436,0.01
55015020700,0.7394088343740179,0.01
55047100200,1.0123146912017675,0.01
55047100100,0.9349815796723228,0.08
55015020308,0.5043971423746748,0.03
55015020303,-0.5108973714529617,0.01
55015020304,0.04189133906931873,0.01
55015020306,0.7030761239548952,0.14
55061960500,3.114679641899759,0.14
55051180300,-0.036757161487347714,0.11
55061960400,2.8176660032443914,0.24
55051180100,-0.0007917833635704618,0.01
55061960200,3.698532940441086,0.14
55051180200,-0.02300920625112592,0.12
55051990000,-0.2781931613906371,0.05
55057100300,4.485299212753136,0.09
55057100500,4.370625734100817,0.01
55057100600,4.110925700579417,0.08
55055101702,3.0235532370734775,0.26
55055100300,2.837071568754383,0.05
55055100200,2.7518175490455885,0.01
55055100100,2.8048013376955536,0.02
55055100400,4.2904125156219095,0.39
55061960100,3.6483506191716475,0.01
55057100200,3.951679996562367,0.11
55057100400,4.222308196962214,0.04
55057100700,4.540536969669199,0.13
55057100100,2.640317690623446,0.38
55055101100,4.861618239163608,0.03
55055101202,5.538676744793897,0.07
55055101500,5.359689389539843,0.02
55055101400,5.581554730675299,0.01
55055101300,5.568269838241814,0.01
55055100900,4.9052108358117446,0.47
55055101701,3.100302820642639,0.18
55055100800,2.7593812203971324,0.35
55055101600,6.399161463553449,0.33
55055100601,5.9404171754272905,0.14
55055101000,4.481464425651268,0.01
55055100700,3.9821258938548696,0.22
55055100602,5.445983151952931,0.27
55055101201,7.160601574402468,0.27
55055100500,4.833902052259228,0.04
55063001200,3.9305797613426763,0.0
55063001000,4.193961834399258,0.01
55015020600,3.1881022048923637,0.14
55015020500,1.507627894480087,0.11
55015020200,1.2356648311976448,0.35
55063001101,3.8447766189783614,0.01
55063000800,4.7650544544765605,0.01
55063000500,5.001248116883469,0.0
55063000600,4.887017716053116,0.01
55063000100,4.700460304681971,0.02
55063010600,4.3443824348176605,0.12
55063000400,4.743733741429161,0.02
55063010203,4.565178650826174,0.06
55063010300,4.6957700815157155,0.03
55063010800,4.358333253976805,0.73
55063010402,4.446244553324636,0.02
55083101200,1.0939737328005739,0.05
55083100800,1.1722139227632278,0.06
55083100700,0.6729672708345639,0.05
55083100500,1.4839701379663797,0.19
55083100600,0.29494289854164263,0.17
55083100300,2.5644503465651276,0.25
55083101300,1.9611304172141264,0.11
55083101100,1.5350039056765479,0.12
55083101000,0.8533732599858327,0.05
55083100900,1.5467448269273303,0.04
55083990000,1.54282565286951,0.13
55093960400,5.993402773176161,0.0
55093960600,5.97297436916935,0.09
55093960700,5.648186513792279,0.07
55015020400,2.010650777011702,0.32
55015020100,1.8917202786355662,0.12
55063001102,3.9080297701861637,0.01
55063010500,4.358314850237066,0.01
55063000200,4.78761798515906,0.02
55063000900,4.230942605009155,0.03
55063000700,4.424946703288221,0.01
55063010401,4.319778331490147,0.1
55063010700,4.225850449374271,0.25
55063010101,4.663901724710446,0.81
55063000300,4.757394187236822,0.02
55063010201,4.83418167988431,0.41
55063010102,3.9981056492238554,0.02
55063010202,4.76843148266416,0.3
55093960300,5.979392791866904,0.01
55093960100,5.0503138926027304,0.07
55093960800,5.64980282995554,0.14
55093960200,5.652096724941294,0.14
55093960500,6.0334329899240995,0.08
55085970602,0.13234047219826284,0.24
55085970601,0.6665394765874022,0.03
55085971001,0.664899487278947,0.28
55085970101,0.6376785661058246,0.07
55085971002,0.4685307282602392,0.19
55085970102,1.5945689662379976,0.46
55085970800,0.4435555169303966,0.06
55085971400,1.6515106908558297,0.01
55085971100,1.0272209510535768,0.03
55085970900,0.36702464436003346,0.11
55085971500,1.15169122052462,0.0
55023960500,4.173111030355574,0.01
55011960200,5.174982661630266,0.01
55023960200,3.8572347873101074,0.15
55023960400,4.109934864495272,0.14
55023960300,4.255424989614462,0.16
55023960100,4.046741376493092,0.11
55011960400,5.151058747073808,0.02
55023960600,3.8494506021161836,0.0
55011960100,5.353137767452484,0.12
55011960300,5.401839594312489,0.1
55085970500,1.2526912039230345,0.03
55085970400,2.219270253991802,0.03
55085971300,0.2776638862148913,0.03
55095960600,2.7847909406748146,0.06
55095961000,4.781936135205969,0.06
55059002906,4.558008045866662,0.05
55059000700,5.353207423664659,0.01
55059000500,4.910632077698605,0.01
55059000400,5.200618630673679,0.01
55059002700,4.9701959154238775,0.18
55059002800,4.7721263609181515,0.39
55059002000,5.248722944345048,0.03
55011960500,5.429514251337898,0.12
55095961100,5.174968921844892,0.17
55095960200,1.4201295793860749,0.07
55095960800,4.648640346916266,0.08
55095960100,2.16521358470735,0.2
55095960700,2.5680082276723666,0.07
55095960500,3.6656826765047863,0.06
55095960300,2.1732796697023717,0.13
55095960900,4.855836491338104,0.12
55059001900,5.034949719359678,0.01
55059001000,5.036723149223901,0.02
55059000300,4.905464764594509,0.01
55059000100,3.9624537760756393,0.02
55059003001,4.740625758489254,0.06
55059003002,4.73188036918533,0.07
55059002903,5.085504714058112,0.07
55059002904,5.453920948573012,0.07
55059002905,4.934731060338655,0.03
55059002602,5.24394953235311,0.11
55059002601,5.006223478964626,0.02
55059000602,5.0299229269737085,0.01
55059000601,4.59010642076489,0.11
55059002500,5.614812122109235,0.01
55059002400,5.162774832017036,0.01
55059001600,5.054603659385167,0.01
55059001500,4.944680787396376,0.01
55059001400,5.352855615915936,0.01
55033970800,4.372940164607306,0.01
55033970700,4.230997855783091,0.01
55033970100,4.51071796601315,0.26
55033970600,4.349598347587822,0.15
55141011500,1.3086036970914117,0.07
55141011400,0.20268342704494807,0.01
55141011300,-0.2599239738739121,0.02
55141010700,0.3853692664923879,0.36
55141010500,1.4634098462592582,0.01
55141010400,1.4350001254277849,0.01
55141011100,1.5504442477262237,0.12
55141011000,1.8188913943425646,0.06
55141010900,-0.07198195605718025,0.4
55141010100,0.7425463692424511,0.42
55035001700,5.564519248808416,0.01
55035000801,5.827797941903813,0.01
55035001101,5.246555215877348,0.01
55035000700,5.830874981056411,0.01
55035001200,5.076604867556696,0.02
55035000600,5.315730508485125,0.02
55035000400,6.490929822568998,0.06
55133204003,1.7525982281125156,0.2
55133203901,5.237799757708448,0.07
55133203703,2.1020509820738935,0.11
55133203305,2.084790334035363,0.07
55133202901,1.7104995908669614,0.03
55133202103,2.8033812395271474,0.04
55133202101,1.732849197699093,0.12
55133201703,1.8019160529165668,0.08
55035001400,4.916142109205875,0.0
55035000802,5.482151574928634,0.01
55035000803,5.952772995110053,0.03
55035001600,5.741048934842187,0.42
55035000301,5.092453508937902,0.08
55035000200,6.036914641992273,0.54
55035001300,5.818372791668507,0.05
55035000900,5.51326634224627,0.01
55035000302,5.642601743334088,0.22
55035001500,5.7068652885406035,0.14
55133201403,2.17632009971229,0.05
55133200804,1.979223861026747,0.06
55133204302,2.5284941753111783,0.01
55133204004,1.7577653161753592,0.48
55133204301,2.847012027680719,0.05
55133204502,2.5517609238145984,0.13
55133204501,3.0322851235391868,0.3
55133203704,1.8576134927947685,0.1
55133203902,4.255838275499595,0.08
55133202102,2.1233911708976954,0.14
55035000100,5.705906969371837,0.76
55035000501,5.765385968757961,0.01
55035000502,5.130650498928601,0.0
55133201704,1.2158488573317974,0.17
55133202902,1.9404458181857915,0.03
55133201404,2.728560134244096,0.03
55133203303,2.6465650290739986,0.03
55133203304,2.0897664256920443,0.13
55133200803,2.1056771949223982,0.02
55133200201,1.9928088169761526,0.05
55133201402,2.407496453435589,0.02
55133200102,1.4810713136941147,0.04
55133200103,1.642671605760541,0.02
55133200600,1.5747982209133096,0.01
55133202700,1.8729487185147156,0.0
55133201701,1.71474491123811,0.04
55133200901,1.1507402458367457,0.04
55119960500,6.650735477315176,0.0
55119960400,6.080204602154555,0.07
55119960600,6.437223788284379,0.02
55119960200,3.354156414386633,0.23
55119960100,5.657341569514118,0.11
55119960300,4.430411906919806,0.12
55133201504,1.8039302813430482,0.04
55133201506,2.724050460250123,0.06
55133200902,1.4547192560939386,0.05
55133201800,2.117408754879675,0.05
55133202800,1.8410859856280328,0.04
55001950501,4.569722172234226,0.07
55001950201,5.5296995975769585,0.05
55001950502,4.7276485584206185,0.11
55001950202,4.706023997829122,0.22
55001950100,3.59962125107696,0.12
55001950700,5.979619796133579,0.19
55001950400,4.7249737471461115,0.14
55133200700,1.3051491389766645,0.08
55133200801,2.150620003471358,0.02
55133202302,1.9192850325175208,0.04
55133201600,2.8125150966385655,0.2
55133202002,2.054631213108804,0.22
55133201505,4.03278663053194,0.04
55133202400,1.87617566125948,0.01
55133201503,2.3727358859386087,0.04
55101001504,2.28688463263001,0.02
55101002001,1.6539443289251525,0.01
55101001801,3.11410765277319,0.09
55101001705,1.999936720678952,0.03
55133200500,1.7760691415775622,0.04
55133203402,1.8587479359766488,0.03
55133204002,3.4487108501655226,0.68
55133200202,1.9593893893713448,0.06
55133203404,2.1920491130360844,0.06
55133203000,1.741723110358538,0.01
55133203103,1.8230402154700216,0.01
55113100500,0.23111132244153318,0.16
55113940000,0.3638574694141924,0.1
55113100800,0.21680993417865027,0.19
55113100700,0.28311419643071467,0.09
55113100400,1.0893880462442915,0.04
55113100300,0.29867342559620974,0.03
55125950600,0.08390829987890853,0.49
55125940000,0.3429431782546858,0.2
55125950700,0.3693914496402875,0.09
55125950200,2.009875195137475,0.3
55125950500,0.1884448571859191,0.05
55101002701,2.1316032405593437,0.04
55101002702,3.029751221241333,0.14
55101002002,0.7932898110761231,0.2
55101001802,1.7788543724125259,0.25
55101001706,2.032008085217992,0.01
55101001505,2.29083676561143,0.0
55133203802,4.115941017319322,0.47
55133203602,2.4973890590095267,0.08
55133203702,1.359513251295917,0.29
55133201300,2.49876359402441,0.15
55133203102,1.8116653736153923,0.03
55133203804,1.268652000017013,0.3
55133200400,2.085109023977963,0.26
55133203101,1.8948907163328648,0.04
55133203803,1.2583648369114173,0.19
55101002800,3.0410689931564794,0.26
55101001900,0.699620142586157,0.29
55101001302,2.3426650093927854,0.01
55101001301,2.2989817779783603,0.01
55101001003,2.3112916250608295,0.01
55101001002,2.32685789256817,0.01
55101000700,2.330955847225726,0.01
55101000500,2.262910506572166,0.01
55133202500,2.0306101183182066,0.03
55133204200,2.346582255099501,0.07
55133202202,1.8018936261864595,0.06
55133203601,2.7998388475686533,0.08
55133202301,1.8433085860610892,0.04
55133202201,1.7321080107951012,0.04
55133203500,3.1069437534904396,0.38
55133201203,1.830713160792562,0.07
55131420401,0.19023597696613484,0.01
55131440105,1.4309971465254991,0.22
55131440103,2.284149114355104,0.18
55131470203,1.0283672995513689,0.03
55131470204,0.9078866328026796,0.09
55131440104,3.1956557566379553,0.08
55131440106,3.947927379637899,0.47
55121100800,5.737897116460269,0.16
55121100100,6.102928178640355,0.2
55121100700,5.47148786056839,0.21
55101000400,2.3800000896456446,0.01
55101000300,2.22370155409844,0.01
55101000200,2.318824911196336,0.01
55101000100,2.4040470529967117,0.01
55101001701,2.8533937238166125,0.01
55101001703,1.5900290100912735,0.11
55101001702,1.8073342229740852,0.05
55101001202,2.251981865124233,0.0
55107960500,-0.11691614287174225,0.01
55107960400,0.17467265084416755,0.1
55107960100,0.13397592258672333,0.19
55107960300,0.41448001098382875,0.04
55107960200,1.4372881757513518,0.2
55133204400,2.9018378059821015,0.08
55133200300,1.9288829873544537,0.28
55133203405,3.020984121780527,0.12
55133201202,1.926516075561532,0.03
55133201102,2.328945762551484,0.05
55133201101,1.7145100502507165,0.05
55133201000,2.076484743823966,0.07
55133200101,1.910425398205894,0.01
55133202001,2.750009457833135,0.39
55131420105,0.7479884853085771,0.05
55131420106,1.5150182255932234,0.06
55131420402,0.9409042300926839,0.01
55131450105,1.382158054619077,0.2
55131450106,1.399350584812645,0.18
55131450104,2.749202138413992,0.24
55131400103,1.15148884158554,0.48
55131450103,1.6048283981997384,0.18
55131400104,0.711449634664301,0.46
55131440200,2.6454287814533837,0.05
55121100300,5.977788332635123,0.17
55121100200,5.607993051714912,0.16
55121100400,5.874880030574493,0.11
55121100600,6.005447570521766,0.13
55121100500,5.910570968372011,0.19
55101001100,2.2551138758873734,0.01
55101001001,2.344472636660228,0.01
55101000904,3.2674882967204555,0.01
55101000901,2.5282631825932564,0.02
55101000800,2.7762386234792396,0.03
55101000600,2.269283372716424,0.01
55101000903,3.006415195355111,0.01
55101980000,2.0454790237025917,0.01
55101002100,2.432616785597424,0.21
55133203403,1.8349184880245342,0.07
55133202600,1.8238617976476261,0.03
55133203200,2.034605010698939,0.12
55133201900,1.3763795308402185,0.27
55133203306,1.8311356816230488,0.14
55133201201,1.785940232135986,0.02
55133204100,1.7442007325992714,0.37
55133203406,2.5971446105776197,0.38
55131470202,1.213289005906998,0.03
55131460101,1.9915221484976529,0.25
55131410100,1.587362625799813,0.28
55131420104,1.2428864039492284,0.29
55131400102,0.6369427772729749,0.05
55131420300,0.1626563102793318,0.01
55131420103,1.2765713005637962,0.25
55131460102,1.2667866366680145,0.13
55101001602,2.3838003140112622,0.03
55101001601,1.9956695155437008,0.2
55101001502,2.2924365002967653,0.08
55101001501,2.2202708906579463,0.06
55101001400,2.2839955481726077,0.02
55101001201,2.242687668414525,0.04
55101002600,3.396844374128467,0.13
55101002402,3.8056125771762956,0.04
55131420200,1.1310440445221066,0.02
55131470100,1.6719463044418448,0.33
55131430100,2.0793833713502154,0.3
55123960500,4.2820068491804735,0.26
55123960400,4.838280304947685,0.01
55123960100,4.776503747553742,0.2
55123960300,4.770608468284395,0.18
55123960200,4.703869661167757,0.27
55123960700,3.7521117721268396,0.12
55123960600,4.001037099598346,0.3
55039041800,1.6600963293063962,0.11
55039041600,2.113793116120483,0.07
55039041500,2.1114318860658057,0.05
55039041300,2.259058342310621,0.04
55039041100,1.5061650094974228,0.05
55039041000,1.430779751176075,0.0
55039040900,1.327638455173926,0.01
55067960700,3.914683274290857,0.01
55067960600,4.235330902426586,0.0
55067960400,4.180169400366853,0.07
55067960500,3.3933139050571475,0.29
55067960100,3.846787185953803,0.22
55067960300,4.254877463501669,0.11
55101002401,2.6354764164118802,0.07
55039040800,1.2996270802707373,0.01
55039040700,2.198366967691632,0.04
55039040500,0.9043699858926768,0.02
55039040400,1.7238608176745593,0.01
55039040300,2.025342534729931,0.01
55039040200,1.538967179802242,0.01
55039040100,1.463795359880376,0.0
55039042000,1.8670568263709697,0.27
55039041400,2.8219914402596387,0.54
55039042100,2.2843519975220596,0.5
55039041900,2.4617758522728925,0.45
55039042200,2.542096912085642,0.33
55039041700,2.0910832365441494,0.45
55033970500,4.913933978256807,0.02
55033970400,4.426604149098113,0.17
55033970200,4.485416137433757,0.14
55033970300,4.189493868036689,0.13
55141010800,0.1130743343853994,0.57
55141011200,-0.372518259607517,0.05
55141011600,1.0534139939094576,0.13
55141011700,-0.11405806008563497,0.03
55141010600,3.3666655052385654,0.01
55141010300,2.376155935158316,0.01
55141010200,0.20471052072141535,0.07
55025000503,10.04117379011194,0.01
55025012300,10.450363450918553,0.1
55025012201,10.211999872406336,0.02
55025013200,8.973067030810514,0.74
55025012001,10.209611649160175,0.08
55025011900,8.59897212332928,0.54
55025011506,9.93413784863379,0.03
55025012002,9.939049612462954,0.39
55025011200,10.080514953282755,0.2
55025002402,10.060267197933005,0.01
55137960800,3.3753146735036332,0.2
55137960300,3.908511553601724,0.37
55137960100,1.4585995246397585,0.26
55137960200,2.5012357399469893,0.22
55103970300,6.4444531039341335,0.01
55103970400,6.5954446706234,0.01
55103970100,5.117133886709623,0.11
55103970500,6.6615129621001685,0.18
55103970200,5.721324231224233,0.26
55025011503,10.040139562904804,0.04
55025002500,10.26050249615358,0.04
55025002100,9.38439412115501,0.01
55025012400,9.825947921267034,0.28
55025011700,9.760970679385172,0.26
55025011600,10.742652387756502,0.05
55025010901,9.797931786195218,0.03
55025012800,9.149030681425126,0.15
55025012700,9.113002223576729,0.57
55025010600,9.893172645697241,0.2
55025003100,10.357466848765233,0.01
55137960700,0.6975392034239928,0.25
55137960600,2.8260096574409763,0.1
55137960400,4.035749854737696,0.37
55025003002,11.23291614831505,0.02
55025002900,10.421824709984465,0.01
55025002800,10.518580390374442,0.01
55025002700,10.91672743244236,0.01
55025002000,9.740255991439211,0.01
55025001502,9.617868096408456,0.01
55025013100,9.284113135385434,0.37
55025013000,9.985600831211023,0.1
55025012900,9.031240865644486,0.56
55025012600,9.311562568259628,0.56
55025012100,10.841047320101787,0.31
55129950200,0.49161564573503763,0.11
55129950300,1.7133005198503368,0.12
55129950100,0.5781738071343329,0.2
55129950500,3.0769701934182616,0.12
55129950600,1.2516546533693693,0.09
55139002201,0.19805565948116446,0.18
55139001803,1.047626402775851,0.03
55139001801,1.9595464712779036,0.04
55139002202,0.5762993915651873,0.4
55139001804,0.8059712236415857,0.05
55139001700,0.40669823856394954,0.14
55139001600,0.16656156676987852,0.12
55139001200,0.3470169829750797,0.01
55139001100,0.47106606845073506,0.01
55139000900,0.34373335574946634,0.02
55139000800,0.6582965441345717,0.01
55139000700,0.3464733482200053,0.01
55139000500,0.5069304105368027,0.01
55025000406,9.841729002167611,0.02
55025001802,9.879322068394979,0.01
55025013700,9.846663879303104,0.04
55025012501,9.38098216891164,0.05
55025011401,10.359711080222615,0.06
55025010903,9.454725403307005,0.05
55025010501,10.211074460217239,0.03
55025001704,11.030373530477224,0.01
55139000400,0.6047194698215331,0.01
55139000300,0.8962838160190337,0.13
55139000200,0.6244400301381771,0.01
55139000100,0.7124325924881554,0.01
55139002100,0.023351247499426197,0.65
55139003701,-0.2605518255529033,0.01
55139003600,-0.06452524101653803,0.04
55139003500,-0.20987780479920598,0.01
55025001605,10.706086982895037,0.01
55025001603,10.464922616325666,0.01
55025001101,10.172048350851446,0.01
55025000901,9.680362552203757,0.01
55025000407,10.007169327672473,0.01
55025013301,9.102628894286955,0.03
55025013302,9.006780085605934,0.02
55025010904,9.706106590029549,0.25
55025012502,9.17034119951726,0.11
55025011402,10.328756322384502,0.13
55025001804,8.090452829432888,0.01
55007990000,0.16954204796580524,0.05
55007960100,0.5806420500581794,0.08
55007960600,0.13545964606788977,0.06
55007960400,-0.15279405619800993,0.09
55007960300,-0.022030776126492332,0.03
55007960200,-0.18809126848287858,0.11
55139003300,0.10688775808196524,0.01
55139003200,-0.020721886483419612,0.01
55139003702,-0.3529081261339278,0.12
55139003400,0.2975468349381768,0.01
55139002400,-0.03060599888049252,0.11
55139003100,-0.1422539483115002,0.02
55139002900,-0.1718822425825908,0.0
55139003000,-0.1071250389273046,0.01
55025001705,11.232805395931434,0.01
55025010502,10.17502131621699,0.04
55025001606,10.55442229946841,0.01
55025001604,10.709046845447068,0.01
55025001102,10.130606650648351,0.01
55025000902,9.69515058758655,0.02
55025000405,9.964415912899641,0.01
55025000408,10.04751128974494,0.01
55025991703,10.177108381984977,0.01
55078940101,0.4043476093184194,0.01
55078940102,1.8761108033021134,0.09
55139002700,-0.1819652190383338,0.0
55139002800,-0.4877203870485755,0.02
55139002601,-0.5215968362683806,0.0
55139002300,-0.03691794363620073,0.39
55139001900,2.0820900032649434,0.39
55139002602,-0.9080175656131273,0.01
55139002500,-0.9802040775236721,0.02
55139002000,0.1769088021108994,0.54
55025991702,9.998278362936832,0.1
55025002602,10.438251552832728,0.01
55025001402,10.320651226999182,0.01
55025002603,10.93063280505666,0.0
55025011302,10.126812704431986,0.01
55025011301,9.730176925966447,0.07
55025011504,9.798695243058468,0.03
55025012202,10.197560692255646,0.01
55075990000,2.6733448719640704,0.05
55075961400,3.400444937044729,0.01
55075961300,3.0657180687524686,0.01
55075961200,2.7091396340666285,0.0
55075961500,3.0907143036197713,0.01
55075961100,2.4704398131345413,0.06
55075960900,1.998042427183049,0.19
55075960800,0.7858555021713557,0.06
55075960100,2.1085932698855823,0.08
55075961000,1.7451745907789746,0.2
55139001500,1.097376489390183,0.03
55139001400,1.2861083748098758,0.02
55139001300,0.9377401701384994,0.0
55139001000,0.48475244813170976,0.0
55081950300,5.183357073409353,0.01
55081950600,4.214928916916519,0.02
55081950700,4.617984823464364,0.22
55081950100,4.0149981111854185,0.25
55081950900,4.67376491608371,0.12
55081950400,5.298458186311657,0.01
55081950800,4.690464474756987,0.24
55081950500,4.298110135692546,0.04
55081950200,4.885654183998064,0.35
55025011505,10.046562824372652,0.01
55025010300,11.17856816716901,0.01
55025011102,9.584049138402403,0.01
55025011101,9.825076130184744,0.01
55025011800,8.05857810965903,0.56
55025011000,10.10963748496636,0.0
55025010800,9.729506350389224,0.03
55025010400,10.520432482943301,0.02
55075960700,1.4179699565601627,0.2
55075960200,1.6581959813662037,0.51
55075960600,0.40405657089099767,0.14
55025010200,10.130693601488067,0.01
55025010100,9.745169695282131,0.01
55025003200,9.816685222990486,0.01
55025003001,10.873287919131824,0.01
55025002601,10.899559947289482,0.01
55025002401,9.922954348316175,0.01
55025002302,10.176508753693556,0.01
55025002301,10.109476884919223,0.01
55025002200,10.283953884180487,0.01
55025001900,8.228969506982926,0.01
55025001501,9.900156800379504,0.01
55025001401,9.526524914198536,0.01
55017011000,4.569066289499313,0.32
55017010900,4.493070182059289,0.32
55017010400,4.848112522655516,0.24
55017011100,3.83231160461674,0.37
55017011200,4.660831974272267,0.19
55017010800,5.073701608544484,0.2
55017010700,4.52447941555154,0.12
55017010200,4.499519672760099,0.01
55017010300,2.8816020329468115,0.01
55017010500,1.3090874784822024,0.03
55017010100,5.252017613073932,0.02
55025001300,10.004920008098223,0.01
55025001200,10.110436926333225,0.01
55025000800,9.526157511925602,0.01
55025001000,9.677535071652994,0.0
55025000700,10.111612009305787,0.01
55025000501,10.0867827624585,0.01
55025000504,9.808883687341005,0.01
55025010702,9.941523631938841,0.25
55025000402,9.963109848945285,0.01
55025000401,9.80410064804676,0.01
55025000300,9.78057635101418,0.01
55025000205,10.059903541733439,0.02
55091950100,4.9415007940032485,0.09
55091950200,5.066400653226458,0.12
55025000204,10.060976833324316,0.01
55025000202,10.045757709058869,0.01
55025000201,9.956562661979058,0.01
55025000100,9.879585975097982,0.0
55025001403,10.961486678069157,0.05
55025010701,10.610082590931603,0.0
55025000600,10.315972740949002,0.01
55079186200,1.450268046086609,0.01
55079186100,1.5024676500943108,0.01
55079185800,1.526458277860439,0.01
55079185400,1.55248099677077,0.01
55079185900,1.4959654345894684,0.01
55079185500,1.5144808511642944,0.01
55079186000,1.4381961876444906,0.01
55079185600,1.4740307363147915,0.01
55079185700,1.5574381433136393,0.01
55079187200,1.1353648563535454,0.11
55079003200,2.0686739428781205,0.01
55079180500,1.8872537258452793,0.01
55079100500,2.1246337625018623,0.01
55079005400,2.1265990484063977,0.01
55079006300,1.7822946578827334,0.01
55079008900,1.728584283163488,0.0
55079004900,2.028349755381601,0.01
55079004800,1.907751446921392,0.01
55079003700,2.0998404929885117,0.01
55079120502,2.1673867155793713,0.02
55079003800,2.1138675763696098,0.01
55079019900,2.384257317944735,0.01
55079080400,1.8448573256510492,0.01
55079170400,1.8464906669079733,0.0
55079007700,1.4904702107050198,0.01
55079160204,1.780329765858386,0.02
55079150304,1.7520540307861197,0.04
55079120102,2.8118850121241947,0.05
55079018000,1.2558340774990753,0.01
55079150303,2.0048449119029117,0.01
55079011300,1.341284948396674,0.01
55079020000,1.6059431593930906,0.01
55079120400,2.068118026309697,0.04
55079120501,2.1846750554336642,0.0
55079160100,1.8674754702649243,0.07
55079040100,2.2003697036953853,0.07
55079005200,2.1004571372682985,0.01
55079014800,1.430332975079195,0.01
55079005500,2.097512502782118,0.01
55079017400,1.1152851059251778,0.01
55079013600,1.4712788768462586,0.01
55079016000,1.4643923281727156,0.01
55079018500,1.8060183415473852,0.01
55079014600,1.4030269880026556,0.01
55079018600,1.2918711071627595,0.01
55079140202,2.2365297032759472,0.02
55079002900,2.164595236840394,0.01
55079013300,1.5702763932865964,0.01
55003950800,0.38218336566220346,0.09
55003940000,0.002032779134242655,0.06
55003950600,0.3125945145000342,0.07
55003950500,0.012109291387640298,0.02
55003950700,-0.15743312123120168,0.07
55003950400,-0.15459790934152073,0.01
55003950300,-0.12117620475329309,0.01
55003990000,0.12116434967190136,0.15
55079120101,2.060883733776553,0.03
55079000102,1.9361119275455896,0.02
55079160203,1.8889364278557232,0.02
55079187300,1.8529817819332768,0.01
55079186800,1.5326032751161718,0.0
55079186900,1.4022706759266235,0.0
55079187000,1.4032185343792407,0.0
55079060101,2.0310443111043512,0.04
55079005600,2.0951656230397155,0.03
55079005900,2.151767761164229,0.01
55079050101,1.4986923682661266,0.01
55079013000,2.046366716005966,0.01
55079005700,2.138030777085363,0.01
55079003100,2.168650909446411,0.01
55079003600,2.1408421825314417,0.01
55079130100,1.2315290598170734,0.01
55079140201,2.113046284461526,0.01
55079180100,1.983103593472643,0.02
55079170100,1.8465430511112462,0.02
55079101800,3.3454700674701567,0.01
55079060102,2.146180478697529,0.01
55079000101,1.5413792788280263,0.01
55079187400,1.2566319309965763,0.01
55079980000,1.373519967642651,0.02
55079016400,0.5761042297664175,0.01
55079016900,1.0809506905884132,0.01
55079016300,1.0690170028494903,0.01
55079003500,2.089333636768565,0.01
55079003300,2.09765152744995,0.02
55079000600,2.2822647234897624,0.03
55079005800,2.168539192262415,0.01
55079001900,2.1266654508276193,0.01
55079001300,2.1879130191478944,0.01
55079002500,2.154758012444057,0.01
55079001000,2.086198383120431,0.01
55079180400,1.911440916635535,0.02
55079018300,1.5288367469594126,0.01
55079021500,2.039542786195641,0.02
55079002400,2.1110575758076418,0.0
55079021800,2.145196977374194,0.01
55079140100,1.6137822561266868,0.02
55079120201,4.455366353566422,0.01
55053960100,3.66825346860225,0.47
55053960200,5.6462745147295195,0.12
55053960500,5.164175961398811,0.0
55053960300,5.753608849995641,0.16
55053960400,5.061857313581953,0.35
55105001304,13.810527665491586,0.01
55105001201,13.563872694015616,0.25
55105000100,13.860903025829975,0.01
55105001303,13.709313967154491,0.21
55079019000,1.6455234304793158,0.01
55079006900,1.7043594017436896,0.01
55079035100,2.089258543053514,0.03
55079035200,2.042986998681621,0.01
55079130200,1.1801249116991397,0.01
55079001500,2.0695738785935665,0.01
55079019300,2.417343589966683,0.01
55079001800,2.0598175968650727,0.01
55079000900,2.2461631061983525,0.04
55079000303,2.0428117680234865,0.01
55079000302,2.6575287624094988,0.01
55079002000,2.150049592569732,0.01
55079001100,2.164435127204588,0.01
55079004300,2.0720208254994916,0.01
55079019700,5.272174947340276,0.01
55079185100,1.8861042083145496,0.05
55079020500,1.5266856756984213,0.01
55079002800,2.103420264139557,0.01
55079001700,1.9174226491558473,0.01
55079001400,2.4141207605458455,0.01
55079000502,1.9708289576124067,0.01
55079020200,1.7600715781710283,0.01
55079180200,2.1384618659348056,0.01
55029100100,3.3892562346788395,0.09
55029100400,2.8005077602951993,0.1
55029100800,3.043215545306123,0.01
55029100500,3.206191694599332,0.06
55029101000,2.6929623700556236,0.06
55029100900,3.1855548561443827,0.03
55029100600,3.3932957830158057,0.06
55029100300,2.5796800032502363,0.07
55029100700,3.0526926629926496,0.01
55105001202,13.672891866367515,0.14
55105000600,13.831755137412001,0.0
55105000300,13.902769290890278,0.01
55105003100,11.13510824632228,0.32
55105001400,14.01196740138684,0.15
55105001302,13.92584673589148,0.25
55105001100,13.8893640866667,0.02
55079008100,,0.01
55079100100,1.760971182220351,0.01
55079080100,2.104813875283459,0.01
55079101000,2.432408255886509,0.01
55079101300,2.6462450207666466,0.01
55079017300,1.3062680210663118,0.01
55079014700,1.4042037753771992,0.01
55079004000,2.162330802803309,0.01
55079005100,2.09346443554476,0.01
55079091100,2.295953152233787,0.02
55079000301,2.782493669094244,0.01
55079000304,2.5382935404763955,0.01
55079005000,2.1560629660961057,0.01
55079001600,1.8879818786536333,0.01
55079021300,1.9547490638305518,0.01
55079018900,1.313327294394681,0.01
55079021000,1.9002204176657993,0.01
55079011100,,0.01
55079000400,1.7334742604953275,0.01
55079020600,1.805760989443354,0.02
55079018700,1.1688571982362774,0.01
55079017900,1.3207912244807278,0.01
55105001000,13.992814125956501,0.03
55105000900,13.989409332064943,0.01
55105000800,13.88148844272516,0.01
55105000700,13.798926852010291,0.0
55105000500,13.78953072530083,0.02
55105000400,13.832824731782596,0.01
55105000200,13.918379603987141,0.0
55105003002,13.185064090592919,0.36
55105003001,14.0482752944363,0.01
55105002900,12.516055537788132,0.52
55105002800,13.788893694846777,0.79
55105003300,13.847159736096987,0.44
55105003200,12.684867591788853,0.74
55105002602,13.607069989249192,0.28
55105002601,12.47610842731875,0.05
55079019600,4.634328454979699,0.01
55079019200,2.280879990321302,0.0
55079018800,0.9986143491258166,0.01
55079185200,1.9366639569858661,0.01
55079120202,2.817899913468587,0.01
55079080200,1.9608362333155234,0.01
55079000501,1.5443615322072062,0.04
55079070200,2.1777710653658,0.01
55079006500,1.7451431017040817,0.01
55079070100,2.3796749297751054,0.01
55079006800,1.7053452475938282,0.01
55079160202,1.9337963588118405,0.04
55079014300,1.2779253464239118,0.01
55079019800,2.7508254051799486,0.01
55079019400,4.5588051570968355,0.01
55079020300,1.913119422837707,0.01
55079170700,1.8145436516646456,0.01
55079016700,0.5096309290332076,0.01
55079017600,0.9459575337774146,0.01
55079016800,0.7443741567528926,0.01
55079017500,1.0164722902569554,0.01
55105002500,12.342846501285171,0.01
55105002400,10.014667946577093,0.04
55105002300,12.531859766475657,0.01
55105002200,12.70718070736883,0.19
55105002100,13.054072785493172,0.01
55105002000,13.089063490488584,0.0
55105001900,13.055368886716096,0.01
55105001800,12.881748590866671,0.01
55079004100,2.112290855540969,0.02
55079007800,1.5597435132644868,0.01
55079010700,1.4420548621129607,0.01
55079014100,1.3883843488084429,0.0
55079021100,2.1756656064180158,0.01
55079006000,1.973064712368716,0.01
55079013400,1.500985174873853,0.01
55079012300,1.583002811506529,0.01
55079100900,1.8784418221749546,0.02
55079009200,1.8972816420381702,0.01
55079009600,1.718674280789483,0.03
55079020100,1.2690005690894217,0.01
55079015900,1.3429795608221813,0.01
55079019100,1.9105375630249053,0.0
55079015800,1.2027726069327378,0.01
55079100400,2.492868995812044,0.01
55105001700,12.978102019281584,0.01
55105001600,13.052281017777409,0.01
55105001500,13.088940051850848,0.01
55105002700,13.628348032041032,0.56
55079012200,1.5546135334943916,0.01
55079101200,3.436993002251688,0.02
55079004500,1.874294569647868,0.01
55079120300,2.042732764206674,0.0
55079008400,1.583009999122472,0.01
55079016200,1.3355040178999862,0.01
55079011200,1.4188451556306247,0.01
55079018200,1.5688770516238049,0.01
55079100300,2.333596610594196,0.01
55079100700,2.5745364435512488,0.0
55079101400,2.162027487079015,0.01
55079100600,2.465837221840208,0.01
55079020700,1.6994255068331543,0.01
55079150301,1.6404410870814154,0.11
55021970500,7.840309811098398,0.03
55021970200,8.128728556877885,0.31
55021971100,6.688924730735661,0.48
55021971200,5.8568908867354645,0.07
55021970100,7.70233104053383,0.75
55021970600,7.603432815685636,0.56
55021970400,7.870232958173545,0.07
55021970300,7.717271829980784,0.26
55021971000,7.915129839053112,0.49
55021970900,8.27324086919083,0.31
55021970800,8.221435821118355,0.12
55021970700,8.220282563216555,0.25
55045960400,8.966899898223026,0.03
55045960600,9.35154529331309,0.01
55045960500,9.218875101551099,0.01
55045960800,13.897643851086604,0.1
55045960300,11.39689945691909,0.63
55045960100,10.533283276023607,0.57
55045960700,10.21009552398962,0.95
55045960200,9.68436498667452,0.67
55079018100,1.4500290327775092,0.0
55079006200,1.7856469502645425,0.01
55079101100,2.6536900337733464,0.01
55079007600,1.4926101433130419,0.01
55079011400,1.3967691633603216,0.01
55079011000,1.3341318445240793,0.01
55079018400,1.4816333841299625,0.01
55079180300,2.061680157052273,0.01
55079160300,1.9945218982175907,0.17
55079007100,1.6282378465112104,0.01
55079007200,1.74595404540581,0.0
55079019500,5.491184694960156,0.01
55079101600,1.7759342034108543,0.0
55079170600,1.8492723210200719,0.01
55099970600,1.5237483923967636,0.09
55099970500,1.4817590045866162,0.02
55099970400,0.31564509358261506,0.1
55099970700,0.7705525166663711,0.07
55099970200,0.05616546448908555,0.01
55099970100,0.4168595619076628,0.23
55013970700,0.9262129619578953,0.07
55013970400,0.9293361951455649,0.11
55013970900,1.0073858652051817,0.12
55013970600,1.035334198358017,0.14
55013970800,1.5468357475316092,0.07
55013971000,1.0105571406911387,0.05
55079000202,2.2494219188316906,0.03
55079010600,1.455445096228421,0.01
55079008000,1.539106277329446,0.01
55079007900,1.531281237349753,0.01
55079016100,1.490632963715143,0.01
55079007000,1.6448610725210238,0.03
55079021200,2.0987646118957644,0.01
55079008700,1.6461857928225454,0.01
55079008600,1.6038980115768482,0.01
55079006700,1.6331969363471874,0.01
55079091300,2.8490138474909754,0.0
55079012700,2.9721579833640153,0.01
55079003900,2.0321478449871284,0.01
55079004700,1.9112857158853813,0.01
55079100200,1.9238079493585318,0.01
55079030100,2.1776584135339876,0.05
55079008800,1.6841323917156203,0.01
55079006400,1.699276381242895,0.01
55079009900,1.6130567516400856,0.01
55079009700,1.596730963009188,0.01
55079009000,1.7211766100167345,0.01
55079020400,1.3804172665440848,0.01
55079009100,1.7844663215061423,0.01
55079009500,1.8330823971466206,0.01
55079009300,2.130426350890202,0.01
55079012400,1.8159191197869295,0.01
55079013700,,0.01
55079070300,2.3235353661954417,0.02
55079007500,1.5589380918366813,0.01
55079008500,1.5895607868889832,0.01
55079014400,1.3048934337874292,0.01
55079015700,1.0733257480540466,0.01
55079170300,1.871175619884921,0.01
55079060200,2.1322801629772625,0.03
55079004400,1.932036540866365,0.0
55079091200,2.5550812939413516,0.01
55079009400,2.0661816100201964,0.01
55079090100,1.9433241482095436,0.01
55111001001,5.004035963310523,0.04
55111000401,7.161060654078852,0.01
55111001002,5.047260540160506,0.03
55111000402,7.386296110350659,0.1
55111000800,7.533377473673437,0.37
55111000700,6.3658197993108505,0.01
55111000300,6.006208157521295,0.03
55111000600,5.929717701872387,0.4
55111000500,6.223441118562124,0.5
55111001100,6.29568079583535,0.75
55111000100,7.265177747181754,0.38
55111000200,5.162313866416957,0.43
55111000900,4.57801796601953,0.64
55079090200,2.0028231006933717,0.01
55079090800,2.1895673467946972,0.01
55079170200,1.851343466383259,0.01
55079091000,2.205293664494364,0.02
55079090300,2.221619170610703,0.04
55079012600,2.2755370070774656,0.01
55079002300,2.1550147271165825,0.02
55079002200,2.1816073530784013,0.0
55079007400,1.6693939282608714,0.01
55079007300,1.675109824720195,0.01
55079110100,1.4931188118913885,0.02
55079017200,1.4541195558523148,0.01
55079012900,2.5096581540142284,0.01
55079016600,0.8850108225664565,0.01
55079016500,0.9429797560768918,0.02
55079005300,2.0967212153076855,0.01
55079090900,2.1914337473863696,0.0
55079002700,2.1704234820175903,0.01
55079002600,2.1678425432170223,0.01
55079017100,1.5772001328906098,0.01
55079017000,1.329879153104581,0.01
55079090600,2.155808313794402,0.01
55079100800,2.5424711324909444,0.02
55079010800,1.42081421290758,0.01
55079170500,1.8205006456277755,0.0
55135100900,0.32648450464403383,0.03
55135100400,3.987201474121243,0.2
55135100300,6.713641085810591,0.17
55135101000,3.2408089014127897,0.0
55135100600,3.1688738932181364,0.2
55135100500,3.723438655478183,0.11
55135101100,2.8789158541075666,0.02
55079091400,2.1739200925088693,0.01
55079006100,1.855772393835145,0.01
55079012500,1.7430266190472137,0.01
55079021400,2.0011104683078074,0.01
55079021600,1.99505222211931,0.02
55079009800,1.6631291188865394,0.01
55079002100,2.113901919785303,0.01
55079001200,2.1734520090957328,0.01
55079000201,1.5770965412312958,0.02
55079003000,2.090606960660856,0.01
55079000700,2.097037036584893,0.01
55079000800,2.184045471317426,0.01
55079050102,2.375907171938471,0.04
55079150100,2.155110469709681,0.07
55135100800,0.9269093306769001,0.19
55135100700,3.2568892116285384,0.13
55135101200,1.4844015650102473,0.13
55135100200,3.3332767108514116,0.37
55135100100,2.371444872050915,0.1
55079186500,1.018434179356136,0.01
55079186600,1.1368834918778086,0.01
55079185300,2.246330984994467,0.02
55079186400,1.4089717916249465,0.0
55079186300,1.363431311349818,0.01
55079101700,2.417892825526881,0.01
55079101500,2.291712595739989,0.01
55079006600,1.687277712641731,0.0
55079013500,,0.01
55079090700,2.210616041388699,0.0
55079014900,1.4165135755198555,0.01
55079021700,1.929055663966019,0.02
55079004600,1.8936570606680627,0.01
55079012800,2.6449536351895384,0.02
55079003400,2.3483083776099116,0.02
55079120203,2.550172133980434,0.01
55079004200,2.0620553176211875,0.0
55079080300,1.8253080196612232,0.01
55079020800,1.6391020563907766,0.01
55079020900,1.936068259120215,0.01
55117010502,2.4363776468869287,0.06
55117011400,2.1102668221478194,0.01
55117010601,2.614495588073329,0.01
55117010501,1.9398649203955785,0.03
55117000201,2.2887643879927286,0.01
55117010602,2.40354974930459,0.09
55117000202,2.6970785089840192,0.0
55087010200,-0.19958261369495545,0.01
55087010100,-0.34393625342518275,0.01
55097960701,8.426816079248885,0.0
55097960702,8.78683269875482,0.01
55097961000,8.214382596914428,0.01
55097960900,8.332601682749495,0.01
55097961100,5.561713322503863,0.1
55097960800,8.305588814956549,0.0
55097960400,8.316172454573415,0.01
55117001000,1.6112463753980217,0.01
55117000500,2.1048043176197617,0.01
55117000400,1.9820975426541168,0.02
55117000300,2.3791853785808743,0.02
55117011100,1.8691560552868078,0.16
55117010900,1.998394703842876,0.11
55117000900,1.6403101808890423,0.01
55041950400,1.2099839976468967,0.02
55041950200,1.183295072564903,0.13
55041950300,0.9631453391330747,0.02
55041950100,1.6320534369604123,0.2
55097960500,8.500396796539372,0.05
55097960300,8.125655719061804,0.01
55097960200,6.918802540782101,0.46
55097961200,4.835058142303376,0.22
55097960600,7.699072199261222,0.15
55097961300,4.178155998184047,0.3
55097960100,8.367943913902609,0.3
55117010200,3.633275310887367,0.05
55117010400,2.7656537907404,0.21
55117010300,4.52449736648047,0.13
55117011000,2.0524930380776776,0.06
55117011200,2.1268111501384817,0.1
55117011300,2.8714797310188955,0.21
55071005300,7.403907082138739,0.0
55071005200,7.21009887912484,0.01
55117010800,2.1595611191514883,0.05
55117010700,2.307011725853844,0.03
55117010100,4.906858878092563,0.16
55117001100,1.7907498016145558,0.01
55117000800,1.8503101456960784,0.01
55117000100,2.503652350445134,0.01
55073000700,8.03050746945109,0.0
55073000500,8.102235606137025,0.01
55073000300,6.986374860544456,0.0
55073000200,7.9130672347988025,0.01
55073000100,8.36232019746305,0.01
55009021600,1.845340651994104,0.25
55009001701,1.3760815967627693,0.04
55009020503,1.5666163145133507,0.05
55071010500,7.207720229977566,0.06
55071000600,7.016578738785558,0.01
55071000500,7.11139382006841,0.01
55071000300,6.896819590601986,0.0
55071000200,7.090617361319008,0.0
55071010700,6.919897274856801,0.01
55071010200,5.120733083687501,0.17
55071010600,7.170311307368803,0.15
55071010400,6.509994574764937,0.18
55071010300,3.670641218719816,0.18
55071010100,6.424031256691385,0.14
55071005400,7.335050771537766,0.0
55071005100,7.7657542387672995,0.01
55071000800,7.115772967283312,0.02
55073001104,8.403839578573248,0.01
55073001103,8.169671249834941,0.01
55073000900,8.570530746950272,0.01
55073000800,8.360097197805931,0.01
55073001102,7.882651548264382,0.17
55073001400,8.387384688866048,0.05
55073001300,8.59821319356405,0.05
55073001000,8.78113776575575,0.01
55009020703,1.1747574490510329,0.05
55009020203,1.8027074136518286,0.33
55009020504,1.1617797348277592,0.05
55009020704,1.4761281707218985,0.08
55009020204,1.7714668375787472,0.14
55009001702,1.2960185968017686,0.03
55071000700,7.021839722107509,0.01
55071000400,7.298910254435293,0.01
55071000100,7.237905062913593,0.01
55077960500,5.166658865807209,0.09
55077960400,6.761560434804043,0.1
55077960200,4.12695448005195,0.13
55077960100,3.6826436705042624,0.15
55077960300,5.501788478963946,0.07
55127000902,15.735031802657087,0.02
55127001502,15.002130425284046,0.04
55127000702,15.795380639416186,0.06
55127000501,13.787211114770479,0.01
55127000302,15.166865253807941,0.55
55127001501,15.582448649049697,0.09
55127001603,15.775497775671942,0.09
55127000701,15.802301817302569,0.03
55127001701,7.34119871924189,0.15
55127001604,16.171051089031636,0.07
55127001702,13.568664363137026,0.46
55073000602,8.186983353031794,0.01
55073000601,8.115068562177244,0.0
55073001202,6.72255958726384,0.09
55073000400,6.728762230236518,0.01
55073001201,7.794574786342578,0.15
55073002000,7.776596925613536,0.16
55073001900,7.811394658638035,0.29
55073001500,6.958600081740106,0.21
55073002100,7.10962161664016,0.26
55073001600,6.884604457859268,0.68
55073001700,7.938886076945812,0.45
55073001800,5.693103302724377,0.52
55073002300,7.674864542837077,0.47
55073002200,8.02501603722977,0.2
55069961000,1.4075294865218442,0.0
55009021400,1.3290105469235869,0.39
55009021500,1.162478700020244,0.66
55009020502,1.9686462975716321,0.09
55009002003,1.2009163127436553,0.02
55009002001,1.376935236974626,0.03
55009020100,0.9959974874197768,0.97
55127000502,12.08809184957927,0.02
55127000301,12.319428237323233,0.41
55127000901,15.661380975401626,0.03
55127000101,13.547638310511326,0.06
55127000102,10.014545031765874,0.08
55127000400,13.903040477352427,0.01
55127000800,15.785089022511684,0.16
55127000600,15.176839724842607,0.39
55127000200,10.573012418497548,0.74
55127001602,14.73026703308445,0.14
55127001000,10.698788818023534,0.36
55069960900,1.3248402700317483,0.01
55069960800,1.3964732419734567,0.0
55069960600,3.8715106357638005,0.16
55069960400,3.385820716679703,0.42
55069960300,1.4576596639664758,0.08
55069960200,1.6083730605263615,0.01
55069960100,1.7514386002046338,0.13
55069960700,2.326865126216688,0.14
55069960500,2.678252138865516,0.08
55009001802,1.0531559684307001,0.11
55009001801,1.0476693022980497,0.06
55009940003,1.635788194150887,0.01
55009001400,1.8172585823132472,0.02
55009001300,1.9577561842076066,0.01
55009001200,1.790251165801447,0.01
55009001100,1.6730939580913942,0.0
55009001000,1.8727766994587232,0.01
55009000900,1.6478907072850546,0.03
55009000800,2.0184447967280508,0.0
55009000700,1.9673569709037921,0.0
55009000600,1.9200594204088266,0.01
55009000500,1.8218947521002258,0.02
55009000402,1.7935231356015895,0.01
55009000401,1.7732667094082184,0.0
55009000303,1.8292611401135255,0.01
55009000200,1.5237662613891763,0.01
55009000100,1.5496083258767448,0.03
55009020702,1.0964035033818098,0.29
55009010300,0.9324753252379181,0.03
55009010202,0.853035303006692,0.01
55009020600,1.292539717442837,0.46
55009002002,1.3641921834351196,0.01
55009001600,1.5381404622968131,0.01
55009021303,2.0598030324830585,0.05
55009021304,1.4721752534347377,0.02
55009021302,1.4706649043450726,0.01
55009021301,1.740374243148647,0.0
55009940001,1.0659018318269715,0.55
55009010201,0.9198051347269424,0.01
55009940002,1.2330856563674986,0.05
55009000302,1.862597161668596,0.02
55009940004,1.9139041122566525,0.01
55009021200,1.5591519763751414,0.02
55009021100,2.013380719533483,0.01
55009021000,1.8427294238997154,0.03
55009020900,2.2132271267455668,0.0
55009020800,2.1957730399557516,0.03
55009010100,1.1292600689050745,0.01
55027962000,2.7494896889444815,0.01
55027961300,2.94437405402693,0.01
55027961200,3.2431248693176182,0.04
55027961400,3.131008131587798,0.21
55027960500,4.35237252527452,0.08
55027961900,2.733727239054414,0.01
55027961700,2.8235266964482597,0.22
55027961100,3.168121044803329,0.12
55027960300,2.925091519429727,0.02
55027960100,3.092572279437804,0.18
55027961800,3.569349669539754,0.38
55027960200,3.26456971554517,0.28
55027961000,2.7209154127793163,0.01
55027960900,2.9401864615254794,0.01
55027960800,2.8175900389176385,0.01
55027960700,2.3180384770970295,0.01
55027960600,2.664357667530344,0.24
55087012505,-0.43421806916521916,0.04
55087012503,-0.08900917982433108,0.03
55087012504,0.16427048398578303,0.01
55087012901,0.7039361823777515,0.26
55087012601,-0.32319027245138077,0.08
55089610101,1.6731647569076118,0.17
55089610102,3.3371415282964683,0.16
55089660201,0.9918961982927577,0.11
55089660202,0.8701218811126767,0.03
55089660100,0.9903804341427918,0.01
55027960400,3.0224210872373365,0.21
55027961600,2.9785880475709785,0.27
55027961500,3.1444111382527926,0.12
55109120903,6.000645165104447,0.05
55109120501,6.409758875721558,0.1
55109120901,6.092097696651208,0.01
55109120201,5.211242301758207,0.01
55109120502,6.6368259545194785,0.01
55005001002,3.9697308987844746,0.11
55005001001,4.229554396573211,0.09
55005000600,4.642930278601374,0.03
55005000200,4.914273278408093,0.13
55005000500,4.858656841067397,0.01
55005000300,5.161125135339738,0.16
55005000900,4.625326634473425,0.33
55005000100,7.330622152685929,0.2
55005000800,4.148680289183551,0.21
55005000400,5.314317546318152,0.06
55087012902,0.18736287460520998,0.22
55087012602,-0.13402821991960456,0.36
55087012506,-0.597719360314067,0.04
55087013100,2.200327183509813,0.35
55087940000,1.0192490897471649,0.41
55087011900,0.8435085676090563,0.03
55089650102,0.7113787703819877,0.01
55089630202,0.8173678235868119,0.04
55089630100,1.0703453911109333,0.0
55089640200,0.6760010217680471,0.12
55089630201,1.7816111243617596,0.07
55089660303,1.9031515478142687,0.03
55089640100,1.4619642278611353,0.01
55089620100,0.8154082790720483,0.13
55089650300,1.3921761703565665,0.05
55089650200,0.790121689043141,0.01
55089650101,0.7480184252425686,0.01
55089660304,1.8578639069193643,0.01
55089660301,1.4536139320665746,0.05
55109120904,5.817263336717228,0.18
55109120202,5.69788334739246,0.01
55109120100,5.444104753246541,0.01
55109120400,6.245346146366251,0.12
55109120300,5.6318991165840275,0.01
55109121000,5.551349610184013,0.1
55109120800,4.821151056426462,0.19
55109120700,5.559214908215267,0.28
55109120600,6.119477711361631,0.28
55087011800,0.37380413840743276,0.01
55087011700,-0.14878844906427333,0.01
55087012400,0.43603386457941423,0.02
55087012300,-0.46905030660666075,0.0
55087012200,1.4536625277012558,0.01
55087012700,-0.1127978965328773,0.28
55087012100,1.4194384636909827,0.01
55087012000,0.9273988011720707,0.01
55087012800,0.17785074227568945,0.82
55087013200,0.330577097015233,1.01
55087011600,0.4875681777059561,0.01
55087011502,0.1112355441006156,0.01
55087011501,-0.11221405464076642,0.01
55087011400,-0.20376620249088792,0.01
55087011300,-0.2643807350712975,0.01
55087011200,-0.35564002204608963,0.01
55087011102,-0.6423375981344291,0.01
55087011101,-0.4028660258245347,0.02
55115100500,1.3828969768301738,0.01
55115100300,0.6951799084999831,0.03
55115100200,0.5898924415341014,0.0
55115100100,1.888126829070095,0.1
55115100900,2.4132116914159325,0.19
55115100400,1.0669904371480654,0.01
55115100600,2.874914919587163,0.22
55115101100,2.1652625129637206,0.18
55115101000,3.0121083810216205,0.17
55115100800,5.611738888364541,0.18
55115100700,4.3689125885711055,0.23
55065970400,8.150176110194726,0.15
55065970300,7.607994324478559,0.35
55065970200,7.730331698125513,0.21
55065970500,8.37161015065005,0.45
55065970100,8.55533999658922,0.25
55043960700,7.381231328196265,0.01
55043961200,7.8760292745311835,0.02
55043960800,7.61559011834287,0.12
55043961100,7.690788430076517,0.1
55043960100,6.942810474256585,0.14
55043960300,6.7696002331157175,0.1
55043960200,5.822099272600459,0.06
55043960600,7.234293650235102,0.21
55043960500,6.826711017991405,0.19
55043960400,5.020178432691752,0.36
55043961000,7.2072231850661,0.0
55043960900,7.246668271383651,0.02
55087011000,-0.22539054814868237,0.01
55087010900,-0.4751330858191541,0.01
55087010800,-0.9072452028537634,0.01
55087010700,-0.3402612177794534,0.01
55087010602,0.13378921738411342,0.01
55087010601,0.04831886743210271,0.0
55087010500,-0.17573033668750887,0.01
55087013300,0.8439037765663246,0.3
55087010300,-0.3204030800432785,0.01
